Code ;NOM;MS;UFL;UFV;PDIA;PDI;BPR;LysDI;MetDI;HisDI;NIref;UEM;UEL;UEB;MO;dMO;MAT;dMA;CB;dCB;NDF;dNDF;ADF;dADF;AG;EE;P;Pabs;Ca;Caabs;Mg;BE;EB;dE;EM;DT_N;DT6_N;dr_N;S;Na;K;Cl;BACA;Cu;Zn;Mn;Co;Se;I;VitA;VitD;VitE;LysBP;HisBP;ArgBP;ThrBP;ValBP;MetBP;IleBP;LeuBP;PheBP;AspBP;SerBP;GluBP;ProBP;GlyBP;AlaBP;TyrBP;CysTrpBP;LysDI;HisDI;ArgDI;ThrDI;ValDI;MetDI;IleDI;LeuDI;PheDI;AspDI;SerDI;GluDI;ProDI;GlyDI;AlaDI;TyrDI;C14:0;C16:0;C16:1;C18:0;C18:1;C18:2;C18:3
FV1760;MAIS;24.4;0.93;0.88;12;66;-41;6.98;2.13;2.01;1.44;1.28;1.09;1.22;951;71.1;76;62;220;56.5;490;57.5;244;52.8;24;31;1.8;1.3;2.3;0.9;1.2;176.3;4419;68.5;2557;76;73;68.8;0.7;0.1;10;3;132.5;4;20;25;0.06;0.02;0.08;2000;500;15;2.99;2.77;4.62;4.6;6.14;1.66;4.36;11.79;5.47;8.66;5.3;17.45;7.53;4.8;7.86;4;3.12;6.98;2.01;4.66;5.3;5.77;2.13;5.3;8.82;5.16;10.57;4.71;13.76;4.31;6.64;6.96;4.16;0.39;15.9;0.42;2.3;21.4;45.8;5
FV1770;MAIS;29.4;0.94;0.89;12;66;-42;6.99;2.13;2.01;1.44;1.28;1.01;1.12;954;72.1;74;56;200;54.8;454;56.2;218;51.1;24;31;1.8;1.3;2.3;0.9;1.2;176.3;4428;69.1;2584;76;73;68.8;0.7;0.1;10;3;132.5;4;20;25;0.06;0.02;0.08;2000;500;15;2.99;2.77;4.62;4.6;6.14;1.66;4.36;11.79;5.47;8.66;5.3;17.45;7.53;4.8;7.86;4;3.12;6.99;2.01;4.66;5.3;5.77;2.13;5.31;8.81;5.16;10.57;4.7;13.75;4.3;6.64;6.96;4.16;0.39;15.9;0.42;2.3;21.4;45.8;5
FV1780;MAIS;34.2;0.95;0.91;12;65;-43;7.01;2.14;2.01;1.44;1.28;0.96;1.04;957;72.5;71;53;193;54.3;440;55.8;212;50.6;24;31;1.8;1.3;2.3;0.9;1.2;176.3;4437;69.6;2611;76;73;68.8;0.7;0.1;10;3;132.5;4;20;25;0.06;0.02;0.08;2000;500;15;2.99;2.77;4.62;4.6;6.14;1.66;4.36;11.79;5.47;8.66;5.3;17.45;7.53;4.8;7.86;4;3.12;7.01;2.01;4.66;5.31;5.77;2.14;5.31;8.8;5.16;10.58;4.7;13.74;4.29;6.65;6.96;4.16;0.39;15.9;0.42;2.3;21.4;45.8;5
FV1790;MAIS;40.9;0.96;0.92;12;65;-39;6.97;2.13;2.01;1.44;1.28;0.9;0.97;959;72.2;74;50;195;53.9;442;55.5;212;50.2;24;31;1.8;1.3;2.3;0.9;1.2;176.3;4454;70;2636;76;73;68.8;0.7;0.1;10;3;132.5;4;20;25;0.06;0.02;0.08;2000;500;15;2.99;2.77;4.62;4.6;6.14;1.66;4.36;11.79;5.47;8.66;5.3;17.45;7.53;4.8;7.86;4;3.12;6.97;2.01;4.66;5.3;5.77;2.13;5.3;8.83;5.16;10.56;4.71;13.77;4.32;6.64;6.96;4.16;0.39;15.9;0.42;2.3;21.4;45.8;5
FV1800;ORGE;15.5;0.76;0.69;21;70;-1;6.49;2.04;2.1;1.71;1.58;1;1;875;65;120;70;329;59;634;59.4;376;55.2;20;34;2.7;1.7;3.8;1.5;1.5;256.8;4163;61.9;2148;75.2;73;69.8;1.5;0.3;15;5;163.1;7;30;40;0.1;0.02;0.1;2000;500;15;2.99;2.77;4.62;4.6;6.14;1.66;4.36;11.79;5.47;8.66;5.3;17.45;7.53;4.8;7.86;4;3.12;6.49;2.1;4.64;5.2;5.75;2.04;5.13;9.18;5.17;10.34;4.77;14.09;4.66;6.54;6.96;4.13;1;17.81;1.4;1.82;3;15.09;56.17
FV1810;ORGE;23.2;0.76;0.68;17;67;-18;6.89;2.11;1.98;1.78;1.51;1.01;1.01;912;63;99;65.7;300;53;598;54.8;347;49.3;19;25;2.3;1.5;3.8;1.5;1.5;156.8;4294;60;2156;74.9;73;70.1;1.2;0.3;10;4;81.8;6;25;35;0.1;0.02;0.1;2000;500;15;4.18;2.42;5.27;3.74;5.6;1.87;3.96;7.47;5.38;6.48;4.62;25.16;11.87;4.4;4.51;3.08;3.5;6.89;1.98;4.7;5.04;5.63;2.11;5.05;8.07;5.12;10.03;4.56;15.41;5.45;6.43;6.57;4.06;NA;20.9;1.4;1.81;13.2;37.7;19.9
FV1820;ORGE;25.1;0.74;0.66;17;66;-16;6.91;2.12;1.98;1.52;1.77;1.02;1.03;916;61;99;63.4;278;42;572;46.4;325;38.7;19;25;2.3;1.5;3.3;1.3;1.5;156.8;4312;59;2119;75.8;73;69.1;1.2;0.3;10;4;81.8;6;25;35;0.1;0.02;0.1;2000;500;15;4.18;2.42;5.27;3.74;5.6;1.87;3.96;7.47;5.38;6.48;4.62;25.16;11.87;4.4;4.51;3.08;3.5;6.91;1.98;4.7;5.05;5.63;2.12;5.07;8.08;5.12;10.05;4.56;15.36;5.41;6.44;6.58;4.06;NA;20.9;1.4;1.81;13.2;37.7;19.9
FV1830;ORGE;30.8;0.76;0.68;14;64;-27;7.02;2.14;1.96;1.43;1.88;1.03;1.05;922;63;86;60.5;271;46;563;49.4;319;42.6;19;25;2.3;1.5;2.9;1.1;1.5;156.8;4317;60;2157;76;73;68.7;1.2;0.3;10;4;81.8;6;25;35;0.1;0.02;0.1;2000;500;15;4.18;2.42;5.27;3.74;5.6;1.87;3.96;7.47;5.38;6.48;4.62;25.16;11.87;4.4;4.51;3.08;3.5;7.02;1.96;4.69;5.1;5.65;2.14;5.14;8.09;5.12;10.17;4.56;15.09;5.2;6.49;6.63;4.08;NA;20.9;1.4;1.81;13.2;37.7;19.9
FV1840;BLE;17.2;0.87;0.82;28;79;10;6.56;2.05;2.02;2.34;1.15;1;1;869;71;143;75.5;336;71;643;68.5;354;66.8;22;36;3;2;3.8;1.5;2;179.9;4176;67.8;2395;73.2;73;72.1;1.5;0.3;12;5;86.1;7;30;40;0.1;0.02;0.1;2000;500;15;4.18;2.42;5.27;3.74;5.6;1.87;3.96;7.47;5.38;6.48;4.62;25.16;11.87;4.4;4.51;3.08;3.5;6.56;2.02;4.7;4.89;5.57;2.05;4.86;8.03;5.11;9.71;4.54;16.19;6.06;6.3;6.44;4.01;1;17.25;1.4;1.75;2.88;14.63;57.63
FV1850;BLE;21.7;0.75;0.68;18;67;-15;6.66;2.07;1.98;1.68;1.6;1;1;907;63;102;67.6;334;62;672;61.7;380;58.1;18;32;2.7;1.7;3.8;1.5;1.5;156.8;4277;60;2140;75.2;73;69.7;1.2;0.3;10;4;81.8;6;30;50;0.1;0.02;0.1;2000;500;15;2.97;2.36;5.23;3.18;4.51;1.64;3.69;6.97;4.82;5.33;5.12;29.1;10.14;4.2;3.79;3.18;3.7;6.66;1.98;4.71;4.96;5.46;2.07;5.03;8.02;5.04;9.9;4.72;16.34;5.14;6.43;6.52;4.07;1;18.3;1.4;1.87;3.1;15.44;54.93
FV1860;BLE;34.7;0.74;0.66;13;62;-36;6.88;2.11;1.96;1.86;1.45;1.01;1.01;924;61;74;56.8;298;51;568;53.3;324;47.4;19;25;2.3;1.5;3.3;1.3;1.5;156.8;4305;58;2104;74.7;73;70.4;1.2;0.3;10;4;81.8;6;30;50;0.1;0.02;0.1;2000;500;15;2.97;2.36;5.23;3.18;4.51;1.64;3.69;6.97;4.82;5.33;5.12;29.1;10.14;4.2;3.79;3.18;3.7;6.88;1.96;4.71;5.06;5.52;2.11;5.14;8.06;5.06;10.1;4.7;15.74;4.86;6.5;6.61;4.1;NA;20.9;1.4;1.81;13.2;37.7;19.9
FV1870;BLE;36.8;0.76;0.69;12;62;-38;6.94;2.13;1.95;1.64;1.64;1.01;1.01;925;63;72;52.8;289;51;571;53.3;327;47.4;19;25;2.3;1.5;2.9;1.1;1.5;156.8;4306;60;2172;75.4;73;69.6;1.2;0.3;10;4;81.8;6;30;50;0.1;0.02;0.1;2000;500;15;2.97;2.36;5.23;3.18;4.51;1.64;3.69;6.97;4.82;5.33;5.12;29.1;10.14;4.2;3.79;3.18;3.7;6.94;1.95;4.71;5.09;5.54;2.13;5.17;8.06;5.06;10.16;4.69;15.58;4.79;6.52;6.63;4.1;NA;20.9;1.4;1.81;13.2;37.7;19.9
FV1880;AVOINE;14.9;1.05;1.05;25;81;-16;6.85;2.12;1.98;2.87;0.94;0.97;0.95;879;81;120;71.7;230;79;513;74.7;278;74.5;20;34;3.4;2.2;4.8;1.9;2;179.9;4181;77.7;2810;71.5;73;73.7;1.5;0.3;12;5;86.1;7;30;40;0.1;0.02;0.1;2000;500;15;4.65;2.33;7.42;3.88;5.87;1.99;4.21;8.19;5.54;9.63;5.43;19.05;6.87;5.65;5.32;3.99;4.6;6.85;1.98;5.02;5;5.67;2.12;5.04;8.26;5.16;10.43;4.79;14.44;4.51;6.75;6.61;4.11;1;17.81;1.4;1.82;3;15.09;56.17
FV1890;AVOINE;20.6;0.89;0.84;19;72;-22;6.99;2.14;1.97;2.16;1.25;1;1;905;71;102;68.6;302;37;601;42.6;349;33.8;18;32;3;2;4.3;1.7;1.5;156.8;4268;67.8;2463;73.7;73;71.5;1.2;0.3;10;4;81.8;6;25;35;0.1;0.02;0.1;2000;500;15;4.65;2.33;7.42;3.88;5.87;1.99;4.21;8.19;5.54;9.63;5.43;19.05;6.87;5.65;5.32;3.99;4.6;6.99;1.97;4.97;5.07;5.68;2.14;5.12;8.25;5.16;10.51;4.76;14.26;4.39;6.76;6.66;4.12;1;18.3;1.4;1.87;3.1;15.44;54.93
FV1900;AVOINE;17.7;0.79;0.73;17;68;-18;7.02;2.15;1.96;1.69;1.59;1;1;900;66;101;68.3;333;65;638;64;379;61;18;32;2.7;1.7;3.8;1.5;1.5;156.8;4243;62.9;2238;75.2;73;69.8;1.2;0.3;10;4;81.8;6;25;35;0.1;0.02;0.1;2000;500;15;4.65;2.33;7.42;3.88;5.87;1.99;4.21;8.19;5.54;9.63;5.43;19.05;6.87;5.65;5.32;3.99;4.6;7.02;1.96;4.96;5.08;5.69;2.15;5.14;8.25;5.16;10.52;4.76;14.22;4.37;6.76;6.67;4.12;1;18.33;1.4;1.87;3.11;15.46;54.86
FV1910;AVOINE;31.8;0.71;0.62;12;60;-40;7.2;2.18;1.94;1.87;1.44;1.03;1.05;928;59;67;59.7;270;44;562;47.9;318;40.6;19;25;2.3;1.5;3.3;1.3;1.5;156.8;4311;56;2035;74.6;73;70.4;1.2;0.3;10;4;81.8;6;25;35;0.1;0.02;0.1;2000;500;15;4.65;2.33;7.42;3.88;5.87;1.99;4.21;8.19;5.54;9.63;5.43;19.05;6.87;5.65;5.32;3.99;4.6;7.2;1.94;4.9;5.17;5.71;2.18;5.24;8.23;5.16;10.62;4.72;13.99;4.22;6.77;6.74;4.14;NA;20.9;1.4;1.81;13.2;37.7;19.9
FV1920;AVOINE;38.3;0.68;0.59;11;59;-41;7.2;2.18;1.94;2;1.35;1.03;1.05;930;57;63;50.8;263;39;554;44.1;311;35.8;19;25;2.3;1.5;2.9;1.1;1.5;156.8;4313;54;1967;74.3;73;70.9;1.2;0.3;10;4;81.8;6;25;35;0.1;0.02;0.1;2000;500;15;4.65;2.33;7.42;3.88;5.87;1.99;4.21;8.19;5.54;9.63;5.43;19.05;6.87;5.65;5.32;3.99;4.6;7.2;1.94;4.9;5.17;5.71;2.18;5.24;8.23;5.16;10.62;4.72;13.99;4.22;6.78;6.74;4.14;NA;20.9;1.4;1.81;13.2;37.7;19.9
FV1930;SEIGLE;14;1.08;1.08;43;99;59;6.31;1.95;2.03;2.45;1.1;1.04;1.08;850;84;220;83.6;190;83;465;77.7;239;78.4;30;45;3.7;2.4;4.8;1.9;2;179.9;4224;80.7;2875;72.8;73;72.4;1.5;0.3;12;5;86.1;7;30;40;0.1;0.02;0.1;2000;500;15;4.28;2.3;5.48;3.73;5.26;1.75;3.73;6.58;4.82;8.44;4.82;25.33;11.07;4.82;4.82;2.74;3.2;6.31;2.03;4.76;4.76;5.43;1.95;4.59;7.69;4.92;9.92;4.63;17.05;6.38;6.37;6.38;3.94;1;15.78;1.4;1.53;2.46;13.13;61.48
FV1940;SEIGLE;14;0.92;0.89;25;78;7;6.73;2.04;1.98;1.83;1.47;1.06;1.12;890;74;140;72.1;270;72;562;69.3;318;67.7;22;36;3;2;4.3;1.7;1.5;156.8;4266;70.8;2538;74.8;73;70.3;1.2;0.3;10;4;81.8;6;25;45;0.1;0.02;0.1;2000;500;15;4.28;2.3;5.48;3.73;5.26;1.75;3.73;6.58;4.82;8.44;4.82;25.33;11.07;4.82;4.82;2.74;3.2;6.73;1.98;4.74;4.95;5.53;2.04;4.87;7.83;4.98;10.2;4.62;15.98;5.64;6.5;6.54;4.01;1;17.32;1.4;1.76;2.89;14.69;57.44
FV1950;SEIGLE;17.1;0.89;0.85;22;76;3;6.79;2.06;1.97;1.57;1.72;1.06;1.12;900;72;133;69.9;295;71;597;68.5;339;66.8;21;35;2.7;1.7;3.8;1.5;1.5;156.8;4299;68.8;2470;75.6;73;69.3;1.2;0.3;10;4;81.8;6;25;45;0.1;0.02;0.1;2000;500;15;4.28;2.3;5.48;3.73;5.26;1.75;3.73;6.58;4.82;8.44;4.82;25.33;11.07;4.82;4.82;2.74;3.2;6.79;1.97;4.74;4.99;5.54;2.06;4.92;7.86;4.99;10.25;4.62;15.81;5.52;6.52;6.57;4.02;1;17.49;1.4;1.78;2.93;14.83;57.01
FV1960;SEIGLE;23.3;0.72;0.63;14;64;-18;7.07;2.12;1.94;0.79;3.42;1.08;1.16;934;61;95;61.1;364;61;683;60.9;418;57.1;17;31;2.7;1.7;3.8;1.5;1.5;156.8;4387;58;2072;78.1;73;65.8;1.2;0.3;10;4;81.8;6;25;45;0.1;0.02;0.1;2000;500;15;4.28;2.3;5.48;3.73;5.26;1.75;3.73;6.58;4.82;8.44;4.82;25.33;11.07;4.82;4.82;2.74;3.2;7.07;1.94;4.72;5.12;5.61;2.12;5.11;7.95;5.03;10.44;4.61;15.1;5.03;6.6;6.68;4.07;1;18.5;1.4;1.89;3.14;15.58;54.43
FV1970;SEIGLE;33.3;0.72;0.64;9;58;-49;7.3;2.17;1.92;1.2;2.25;1.09;1.18;947;60;55;49.1;324;52;609;54;364;48.4;19;25;2.3;1.5;3.3;1.3;1.5;156.8;4376;57;2077;76.8;73;67.7;1.2;0.3;10;4;81.8;6;25;45;0.1;0.02;0.1;2000;500;15;4.28;2.3;5.48;3.73;5.26;1.75;3.73;6.58;4.82;8.44;4.82;25.33;11.07;4.82;4.82;2.74;3.2;7.3;1.92;4.71;5.23;5.66;2.17;5.26;8.02;5.07;10.6;4.61;14.51;4.62;6.67;6.77;4.11;NA;20.9;1.4;1.81;13.2;37.7;19.9
FV1980;SEIGLE;41.6;0.71;0.63;10;58;-45;7.24;2.16;1.92;1.4;1.92;1.1;1.2;949;59;59;50.8;326;47;630;50.2;373;43.5;19;25;2.3;1.5;2.9;1.1;1.5;156.8;4392;56;2055;76.1;73;68.6;1.2;0.3;10;4;81.8;6;25;45;0.1;0.02;0.1;2000;500;15;4.28;2.3;5.48;3.73;5.26;1.75;3.73;6.58;4.82;8.44;4.82;25.33;11.07;4.82;4.82;2.74;3.2;7.24;1.92;4.72;5.2;5.65;2.16;5.22;8;5.06;10.56;4.61;14.67;4.73;6.65;6.75;4.1;NA;20.9;1.4;1.81;13.2;37.7;19.9
FV1990;SORGHO;15.4;0.86;0.81;38;90;43;5.7;1.94;2.04;2.59;1.04;1.02;1.03;884;71;190;76.8;264;72;557;69.3;312;67.7;21;35;2.7;1.7;6.2;2.5;3;156.8;4199;67.8;2382;72.4;73;72.9;1.3;0.3;10;4;75.5;7;30;40;0.1;0.02;0.1;2000;500;15;2.43;2.33;4.23;3.49;5.71;1.69;4.44;14.39;5.61;2.12;4.87;22.22;8.99;3.28;9.84;4.34;2.9;5.7;2.04;4.53;4.73;5.61;1.94;4.95;10.53;5.23;8.45;4.67;16.03;5.6;5.78;7.28;4.14;1;17.55;1.4;1.79;2.95;14.88;56.86
FV2000;SORGHO;18.5;0.8;0.73;24;75;2;6.2;2.02;2;2.21;1.22;1.09;1.16;914;66;129;69.8;304;66;604;64.7;352;61.9;21;35;2.7;1.7;5.7;2.3;3;156.8;4256;62.9;2246;73.6;73;71.6;1.3;0.3;10;4;75.5;7;30;40;0.1;0.02;0.1;2000;500;15;2.43;2.33;4.23;3.49;5.71;1.69;4.44;14.39;5.61;2.12;4.87;22.22;8.99;3.28;9.84;4.34;2.9;6.2;2;4.57;4.91;5.65;2.02;5.11;9.98;5.21;9.04;4.66;15.36;5.15;6.03;7.21;4.15;1;17.55;1.4;1.79;2.95;14.88;56.86
FV2010;SORGHO;18.5;0.76;0.69;23;73;-2;6.25;2.03;1.99;2.16;1.25;1.1;1.18;915;64;122;67.2;304;64;608;63.2;353;60;19;31;2.7;1.7;4.8;1.9;2.5;119.6;4252;60.9;2170;73.7;73;71.5;1;0.3;8;3.5;57.1;6;25;45;0.1;0.02;0.1;2000;500;15;2.43;2.33;4.23;3.49;5.71;1.69;4.44;14.39;5.61;2.12;4.87;22.22;8.99;3.28;9.84;4.34;2.9;6.25;1.99;4.57;4.93;5.65;2.03;5.12;9.92;5.21;9.11;4.65;15.29;5.11;6.05;7.2;4.15;1;18.14;1.4;1.85;3.07;15.32;55.34
FV2020;SORGHO;21;0.72;0.64;20;68;-10;6.39;2.06;1.98;1.95;1.38;1.14;1.26;922;61;108;65.7;323;62;631;61.7;374;58.1;17;29;2.3;1.5;4.3;1.7;2.5;119.6;4265;58;2062;74.4;73;70.7;1;0.3;8;3.5;57.1;6;25;45;0.1;0.02;0.1;2000;500;15;2.43;2.33;4.23;3.49;5.71;1.69;4.44;14.39;5.61;2.12;4.87;22.22;8.99;3.28;9.84;4.34;2.9;6.39;1.98;4.58;4.97;5.67;2.06;5.17;9.77;5.2;9.27;4.65;15.11;4.98;6.12;7.18;4.16;1;18.46;1.4;1.88;3.13;15.55;54.53
FV2030;SORGHO;24.4;0.71;0.63;16;64;-25;6.59;2.09;1.97;1.94;1.39;1.14;1.27;927;60;87;60.9;321;48;629;51;372;44.5;16;27;3.4;2.2;3.3;1.3;2.5;119.6;4261;57;2035;74.4;73;70.7;1;0.3;8;3.5;57.1;6;25;45;0.1;0.02;0.1;2000;500;15;2.43;2.33;4.23;3.49;5.71;1.69;4.44;14.39;5.61;2.12;4.87;22.22;8.99;3.28;9.84;4.34;2.9;6.59;1.97;4.6;5.04;5.68;2.09;5.23;9.55;5.19;9.51;4.64;14.84;4.8;6.22;7.15;4.16;1;18.79;1.4;1.92;3.19;15.77;53.69
FV2040;SORGHO;27.6;0.72;0.64;13;61;-38;6.79;2.12;1.95;1.95;1.38;1.14;1.27;941;60;69;52.2;307;57;607;57.8;354;53.2;23;30;3;2;7.1;2.9;2.5;119.6;4301;57;2067;74.4;73;70.7;1;0.3;8;3.5;57.1;6;25;45;0.1;0.02;0.1;2000;500;15;2.43;2.33;4.23;3.49;5.71;1.69;4.44;14.39;5.61;2.12;4.87;22.22;8.99;3.28;9.84;4.34;2.9;6.79;1.95;4.61;5.11;5.7;2.12;5.29;9.33;5.19;9.74;4.63;14.57;4.63;6.32;7.12;4.17;0.39;15.9;0.42;2.3;21.4;45.8;5
FE4700;ENSILAGESMAIS;24.7;0.94;0.89;12;61;-29;7.17;2.14;2.04;1.44;1.28;1.08;1.21;950;71.1;80;53;228;51;446;53.3;235;47.4;24;31;1.8;1.3;2;0.8;1.2;176.3;4514;68.3;2604;75.3;72;62.3;0.7;0.1;10;3;132.5;4;19;24;0.06;0.02;0.1;5000;200;3;4.54;2.88;2.11;4.53;6.31;1.8;4.38;13.64;5.14;8.63;5.45;14.71;8.15;4.81;8.96;3.95;3.12;7.17;2.04;4.41;5.27;5.78;2.14;5.27;9.18;5.1;10.51;4.74;13.36;4.47;6.62;7.04;4.14;0.39;15.9;0.42;2.3;21.4;45.8;5
FE4710;ENSILAGESMAIS;29.8;0.95;0.91;12;61;-32;7;2.16;1.9;1.44;1.28;1.01;1.11;953;72.1;78;52;207;49.1;413;51.8;210;45.6;24;31;1.8;1.3;2;0.8;1.2;176.3;4484;69.3;2626;75.3;72;62.3;0.7;0.1;10;3;132.5;4;19;24;0.06;0.02;0.1;5000;200;3;3.37;2.1;2.82;4.43;6.35;1.86;4.71;12.21;4.92;8.34;4.97;17.16;8.19;4.97;10.45;3.17;3.12;7;1.9;4.49;5.27;5.79;2.16;5.36;8.91;5.07;10.5;4.65;13.74;4.45;6.66;7.16;4.11;0.39;15.9;0.42;2.3;21.4;45.8;5
FE4720;ENSILAGESMAIS;34.7;0.96;0.92;12;62;-35;7.03;2.17;1.9;1.44;1.28;0.95;1.04;956;72.5;76;51;200;48.6;400;51.4;204;45.1;24;31;1.8;1.3;2;0.8;1.2;176.3;4476;69.7;2640;75.3;72;62.3;0.7;0.1;10;3;132.5;4;19;24;0.06;0.02;0.1;5000;200;3;3.37;2.1;2.82;4.43;6.35;1.86;4.71;12.21;4.92;8.34;4.97;17.16;8.19;4.97;10.45;3.17;3.12;7.03;1.9;4.49;5.27;5.79;2.17;5.37;8.89;5.08;10.52;4.65;13.72;4.42;6.67;7.15;4.12;0.39;15.9;0.42;2.3;21.4;45.8;5
FE4730;ENSILAGESMAIS;41.5;0.95;0.91;12;63;-33;7.2;2.15;2.03;1.44;1.28;0.9;0.96;959;72.2;79;50;202;48.1;403;51.1;204;44.6;24;31;1.8;1.3;2;0.8;1.2;176.3;4479;69.5;2628;75.3;72;62.3;0.7;0.1;10;3;132.5;4;19;24;0.06;0.02;0.1;5000;200;3;4.54;2.88;2.11;4.53;6.31;1.8;4.38;13.64;5.14;8.63;5.45;14.71;8.15;4.81;8.96;3.95;3.12;7.2;2.03;4.42;5.28;5.78;2.15;5.29;9.13;5.1;10.53;4.73;13.35;4.43;6.63;7.04;4.15;0.39;15.9;0.42;2.3;21.4;45.8;5
FE4740;ENSILAGESMAIS;35;0.98;0.95;13;63;-32;7.18;2.14;2.04;1.44;1.36;0.93;1;953;74;82;51.2;165;55.4;416;56.7;183;51.7;24;31;1.8;1.3;2;0.8;1.2;176.3;4470;71.2;2692;75.3;72;62.3;0.7;0.1;10;3;132.5;4;19;24;0.06;0.02;0.1;5000;200;3;4.54;2.88;2.11;4.53;6.31;1.8;4.38;13.64;5.14;8.63;5.45;14.71;8.15;4.81;8.96;3.95;3.12;7.18;2.04;4.41;5.27;5.78;2.14;5.28;9.16;5.1;10.52;4.73;13.36;4.45;6.62;7.04;4.15;0.39;15.9;0.42;2.3;21.4;45.8;5
FE4750;ENSILAGESMAIS;24;0.88;0.82;16;63;-8;7;2.1;2.09;1.44;1.53;1.17;1.26;944;68;105;59;226;61;495;NA;248;NA;24;31;1.8;1.3;2;0.8;1.2;176.3;4515;65.2;2463;75.3;72;62.3;0.7;0.1;10;3;132.5;4;19;24;0.06;0.02;0.1;5000;200;3;4.54;2.88;2.11;4.53;6.31;1.8;4.38;13.64;5.14;8.63;5.45;14.71;8.15;4.81;8.96;3.95;3.12;7;2.09;4.33;5.21;5.78;2.1;5.18;9.44;5.09;10.39;4.78;13.41;4.66;6.56;7.06;4.13;0.39;15.9;0.42;2.3;21.4;45.8;5
FE4760;ENSILAGESMAIS;27;0.85;0.78;16;61;-9;6.81;2.14;2.08;1.44;1.5;1.16;1.26;929;67;101;58.4;225;59;494;NA;247;NA;24;31;1.8;1.3;2;0.8;1.2;176.3;4419;64.2;2373;75.3;72;62.3;0.7;0.1;10;3;132.5;4;19;24;0.06;0.02;0.1;5000;200;3;3.62;2.83;3.24;4.45;6.06;1.94;4.36;11.76;4.95;8.6;5;17.47;8.19;4.79;9.48;3.26;3.12;6.81;2.08;4.47;5.2;5.74;2.14;5.19;9.03;5.06;10.4;4.67;13.96;4.67;6.57;7.12;4.09;0.39;15.9;0.42;2.3;21.4;45.8;5
FE4770;ENSILAGESMAIS;32;0.87;0.81;12;59;-29;7.18;2.14;2.04;1.44;1.42;1.07;1.16;943;68;77;49.4;203;56;465;NA;223;NA;24;31;1.8;1.3;2;0.8;1.2;176.3;4428;65.2;2432;75.3;72;62.3;0.7;0.1;10;3;132.5;4;19;24;0.06;0.02;0.1;5000;200;3;4.54;2.88;2.11;4.53;6.31;1.8;4.38;13.64;5.14;8.63;5.45;14.71;8.15;4.81;8.96;3.95;3.12;7.18;2.04;4.41;5.27;5.78;2.14;5.28;9.17;5.1;10.51;4.74;13.36;4.46;6.62;7.04;4.15;0.39;15.9;0.42;2.3;21.4;45.8;5
FE4780;ENSILAGESMAIS;53;1.08;1.05;27;78;-42;6.28;2;2.14;1.44;1.56;0.97;0.9;981;78;83;50.6;90;0;318;NA;104;NA;24;31;1.8;1.3;2;0.8;1.5;342.3;4650;74.3;2927;62.6;55;86.6;1.3;2.3;10;0.5;261.1;6;30;24;0.06;0.02;0.1;5000;200;3;2.99;2.77;4.62;4.6;6.14;1.66;4.36;11.79;5.47;8.66;5.3;17.45;7.53;4.8;7.86;4;3.12;6.28;2.14;4.63;5.15;5.75;2;5.05;9.34;5.18;10.24;4.8;14.24;4.81;6.49;6.95;4.12;0.39;15.9;0.42;2.3;21.4;45.8;5
FE4790;ENSILAGESORGE;35;0.73;0.64;14;60;-27;6.82;2.14;1.93;1.98;1.36;1.06;1.1;930;59;81;50.6;200;29;449;NA;249;NA;19;25;2.3;1.5;3.4;1.3;1.8;71.4;4511;55.5;2113;73.5;72;64.8;1.5;0.3;7;4.3;-22.3;7;30;40;0.02;0.02;0.1;5000;200;3;3.28;2.22;4.02;4.35;6.23;1.88;4.42;7.74;5.69;7.14;4.73;23.64;10.45;4.92;6.09;3.2;3.12;6.82;1.93;4.57;5.2;5.76;2.14;5.23;8.15;5.19;10.23;4.59;14.94;5;6.6;6.77;4.09;NA;20.9;NA;1.81;13.2;37.7;19.9
FE4800;ENSILAGESBLE;35;0.69;0.6;17;62;-12;6.81;2.17;1.96;1.98;1.36;1.01;1.01;892;59;98;58.2;267;47;522;NA;313;NA;19;25;2.6;1.7;4;1.6;1.4;88.3;4280;55.5;1990;73.5;72;64.8;1.3;0.3;7;3.7;7.1;7;30;40;0.02;0.02;0.1;5000;200;3;3.97;2.29;2.65;4.26;7.06;2.1;5.44;9.35;5.54;7.11;4.69;19.21;7.96;6.15;9.9;2.33;3.12;6.81;1.96;4.37;5.13;5.91;2.17;5.44;8.51;5.17;10.1;4.58;14.32;4.66;6.89;7.15;4.01;NA;20.9;NA;1.81;13.2;37.7;19.9
